{
  "flow_duration": 0.0,
  "Header_Length": 757.0,
  "Protocol Type": 6.0,
  "Duration": 64.0,
  "Rate": 23.67185756150695,
  "Srate": 23.67185756150695,
  "Drate": 0.0,
  "fin_flag_number": 0.0,
  "syn_flag_number": 0.0,
  "rst_flag_number": 0.0,
  "psh_flag_number": 0.0,
  "ack_flag_number": 0.0,
  "ece_flag_number": 0.0,
  "cwr_flag_number": 0.0,
  "ack_count": 0.0,
  "syn_count": 0.0,
  "fin_count": 0.0,
  "urg_count": 0.0,
  "rst_count": 0.5,
  "HTTP": 0.0,
  "HTTPS": 0.0,
  "DNS": 0.0,
  "Telnet": 0.0,
  "SMTP": 0.0,
  "SSH": 0.0,
  "IRC": 0.0,
  "TCP": 0.0,
  "UDP": 0.0,
  "DHCP": 0.0,
  "ARP": 0.0,
  "ICMP": 0.0,
  "IPv": 1.0,
  "LLC": 1.0,
  "Tot sum": 9627.0,
  "Min": 374.0,
  "Max": 1457.0,
  "AVG": 883.2022173904529,
  "Std": 538.470739883507,
  "Tot size": 944.0,
  "IAT": 83340575.04624039,
  "Number": 9.5,
  "Magnitue": 41.84554580588544,
  "Radius": 761.4567603516936,
  "Covariance": 305219.32230083307,
  "Variance": 0.95,
  "Weight": 141.55,
  "label": "DDoS-ACK_Fragmentation"
}
